{"cameraMode":{"drawMode":0,"name":"Shaded","section":"Shading Mode"},"sceneLighting":true,"audioPlay":false,"sceneViewState":{"showFog":true,"showMaterialUpdate":false,"showSkybox":true,"showFlares":true,"showImageEffects":true,"showParticleSystems":true,"showVisualEffectGraphs":true,"m_FxEnabled":true},"in2DMode":false,"pivot":{"x":-0.3109933137893677,"y":0.4539545178413391,"z":0.16322746872901917},"rotation":{"x":0.001761072315275669,"y":-0.997098445892334,"z":0.024243442341685296,"w":0.07220876216888428},"size":0.14696957170963288,"orthographic":true}