{"cameraMode":{"drawMode":0,"name":"Shaded","section":"Shading Mode"},"sceneLighting":false,"audioPlay":false,"sceneViewState":{"showFog":true,"showMaterialUpdate":false,"showSkybox":false,"showFlares":true,"showImageEffects":true,"showParticleSystems":true,"showVisualEffectGraphs":true,"m_FxEnabled":true},"in2DMode":false,"pivot":{"x":-0.0012075603008270264,"y":0.8163845539093018,"z":-0.18387654423713685},"rotation":{"x":-0.01847870834171772,"y":0.8694854378700256,"z":0.03262097015976906,"w":0.49253496527671816},"size":0.06583193689584732,"orthographic":true}