{"cameraMode":{"drawMode":0,"name":"Shaded","section":"Shading Mode"},"sceneLighting":false,"audioPlay":false,"sceneViewState":{"showFog":true,"showMaterialUpdate":false,"showSkybox":false,"showFlares":true,"showImageEffects":true,"showParticleSystems":true,"showVisualEffectGraphs":true,"m_FxEnabled":true},"in2DMode":false,"pivot":{"x":-0.5580000281333923,"y":1.2200000286102296,"z":6.704730987548828},"rotation":{"x":0.00015391124179586768,"y":-0.9984780550003052,"z":-0.0026860313955694439,"w":-0.05517922714352608},"size":1.3850207328796387,"orthographic":true}